{
  "username": "ahu",
  "cash": 46717.49951171875,
  "holdings": [
    {
      "ticker": "RELIANCE.NS",
      "quantity": 25,
      "avg_buy_price": 1367.30892244339,
      "current_price": 1350.5,
      "cost_value": 34182.72306108475,
      "market_value": 33762.5,
      "pnl": -420.2230610847473
    },
    {
      "ticker": "TCS.NS",
      "quantity": 10,
      "avg_buy_price": 2408.25,
      "current_price": 2450.699951171875,
      "cost_value": 24082.5,
      "market_value": 24506.99951171875,
      "pnl": 424.49951171875
    }
  ],
  "total_market_value": 58269.49951171875,
  "total_portfolio_value": 104986.9990234375,
  "total_pnl": 4.2764506340026855,
  "generated_at": "2026-04-03T11:32:18.617083"
}