{
  "username": "Aryan",
  "cash": 100000.09997558594,
  "holdings": [],
  "total_market_value": 0.0,
  "total_portfolio_value": 100000.09997558594,
  "total_pnl": 0.0,
  "generated_at": "2026-04-08T11:09:03.097668"
}