{
  "username": "aryan",
  "cash": 100001.99951171875,
  "holdings": [],
  "total_market_value": 0.0,
  "total_portfolio_value": 100001.99951171875,
  "total_pnl": 0.0,
  "generated_at": "2026-03-30T10:33:43.411408"
}