{
  "username": "prince kumar",
  "cash": 9997.60009765625,
  "holdings": [],
  "total_market_value": 0.0,
  "total_portfolio_value": 9997.60009765625,
  "total_pnl": 0.0,
  "generated_at": "2026-04-02T11:53:19.515411"
}