{
  "ahu": {
    "cash": 69868.7998046875,
    "portfolio": {
      "RELIANCE.NS": {
        "quantity": 22,
        "avg_buy_price": 1369.6783187389374
      }
    },
    "created_at": "2026-04-01T15:03:57.103169"
  }
}