Column,RELIANCE.NS Mean,TCS.NS Mean,RELIANCE.NS Std Dev,TCS.NS Std Dev,RELIANCE.NS Min,TCS.NS Min,RELIANCE.NS Max,TCS.NS Max
Close,1390.8578973067433,2452.7631578947367,23.377983667412053,81.31337592879875,1345.0,2356.0,1424.0,2613.5
Volume,19972492.94736842,3537264.1052631577,5845406.3113780515,850579.1230487054,4182458.0,2466488.0,32495007.0,5843778.0
Daily Return %,-0.009218997268592766,-0.538386175469788,1.6507995799479764,1.1971602937608845,-4.5998160868305105,-3.474272661901945,3.301117056807623,2.0529371852097134
High-Low Gap,34.18422980057566,54.72629266036184,13.036464766849729,10.370479234056022,15.7000732421875,36.89990234375,59.699951171875,73.800048828125
Open-Close Change,1.436851099917763,-13.389481393914474,22.813746815820142,22.269698643445885,-52.9000244140625,-61.0,49.0,30.800048828125
