Column,RELIANCE.NS Mean,TCS.NS Mean,RELIANCE.NS Std Dev,TCS.NS Std Dev,RELIANCE.NS Min,TCS.NS Min,RELIANCE.NS Max,TCS.NS Max
Close,1389.425,2450.3,23.9534809833981,80.24286717172039,1343.9000244140625,2356.0,1424.0,2613.5
Volume,20698809.15,3778150.3,4696804.4130466655,1063893.397397648,9559327.0,2466488.0,32495007.0,6804756.0
Daily Return %,0.06303850127959565,-0.41026462432860505,1.6693939543342813,1.3366648482913337,-4.5998160868305105,-3.474272661901945,3.301117056807623,2.2934460933462075
High-Low Gap,33.550018310546875,56.1349853515625,13.00362268769956,10.6068443299571,15.7000732421875,36.89990234375,59.699951171875,74.10009765625
Open-Close Change,0.265008544921875,-13.99500732421875,22.232178375855568,21.662738994098184,-52.9000244140625,-61.0,49.0,30.800048828125
