Column,RELIANCE.NS Mean,TCS.NS Mean,RELIANCE.NS Std Dev,TCS.NS Std Dev,RELIANCE.NS Min,TCS.NS Min,RELIANCE.NS Max,TCS.NS Max
Close,1379.7199951171874,2434.494982910156,34.88031273729921,59.85051988249384,1304.5999755859375,2356.0,1424.0,2562.0
Volume,20069798.95,3835961.45,5022786.501617996,1181665.529333723,9559327.0,2447191.0,29274881.0,6804756.0
Daily Return %,-0.2850628541815866,0.08341482550133315,1.76218800174602,1.5361131715755054,-4.5998160868305105,-3.474272661901945,3.0814099336566647,2.6638162046064062
High-Low Gap,32.37501831054688,57.9999755859375,15.307561015938333,16.827668967465574,15.7000732421875,33.800048828125,69.0,95.89990234375
Open-Close Change,-4.68499755859375,-5.0000244140625,23.101164173234014,32.3820836846276,-54.300048828125,-61.0,49.0,78.800048828125
