Column,RELIANCE.NS Mean,TCS.NS Mean,RELIANCE.NS Std Dev,TCS.NS Std Dev,RELIANCE.NS Min,TCS.NS Min,RELIANCE.NS Max,TCS.NS Max
Close,1390.4105288856908,2452.2631578947367,24.17730938658518,81.85797676762562,1343.9000244140625,2356.0,1424.0,2613.5
Volume,21036123.52631579,3760519.3684210526,4576333.365507315,1088383.4444598733,9559327.0,2466488.0,32495007.0,6802477.0
Daily Return %,-0.04424772145627657,-0.5604707753105391,1.6501534143018113,1.2071688593876722,-4.5998160868305105,-3.474272661901945,3.301117056807623,2.0529371852097134
High-Low Gap,34.18422980057566,55.189453125,13.036464766849729,10.027255173672593,15.7000732421875,36.89990234375,59.699951171875,73.800048828125
Open-Close Change,0.9894826788651315,-13.889481393914474,22.57845649219758,22.22049035436619,-52.9000244140625,-61.0,49.0,30.800048828125
